Agatha Fernandes,+55 (84) 95891 9105
Bruno Ribeiro,+55 75 93075-9359
Gabriel Novaes,+55 19 95001 9581
Sophie Rodrigues,+55 27 9 8622 8399
Breno Monteiro,+55 58 9 2327-1308
Eloah Duarte,+55 (023) 90278-8250
Isabelly Nogueira,+55 33 9 7877-6724
Ana Viana,+55 (02) 9 9481-1398
Heloísa Moura,+55 59 9 2513 7459
Dr. Yago Moreira,+55 (050) 97196-0529
Sra. Isabel Pires,+55 (19) 96163-7406
Dr. Igor Correia,+55 (98) 9 9887-9408
Maria Fernanda da Cruz,+55 (091) 91014 8823
Catarina Mendes,+55 (30) 9 1147 7658
Breno da Conceição,+55 (25) 9 3818 3131
Isabel Lopes,+55 (18) 95396 3947
Igor Azevedo,+55 85 9 5724-4717
Letícia das Neves,+55 30 97530-0083
Srta. Emanuelly Moreira,+55 99 93807 8746
Murilo Nascimento,+55 (092) 96577-6240
Rebeca Ribeiro,+55 17 93664 1902
Heitor da Conceição,+55 (000) 94229-6819
Srta. Catarina Rocha,+55 (091) 97376-0430
Sr. Raul Rodrigues,+55 59 9 4989-5018
Pedro Lucas Peixoto,+55 (11) 99473-9572
Joaquim Caldeira,+55 47 98785-2312
Breno Duarte,+55 77 9 6929-8096
Luiz Miguel Pinto,+55 (024) 94884 7081
Samuel Lopes,+55 (40) 98303-7370
Olivia Novaes,+55 (88) 9 0624-6627
Yasmin Rocha,+55 72 9 4557-5255
Manuela da Cunha,+55 (005) 91901-5850
Dr. Joaquim Rocha,+55 (09) 92508-4402
Dr. Kaique Barros,+55 (41) 98023-0074
Dra. Ana Luiza Costa,+55 (038) 93826-0280
Cecília da Costa,+55 (93) 97532 1559
Maria Pereira,+55 (96) 98230 1071
Kamilly da Cruz,+55 00 99599-3911
Bryan Cardoso,+55 (035) 94709-0325
Ian Santos,+55 87 91286 5476
Fernando da Paz,+55 05 9 1892-8059
Gabrielly Viana,+55 (80) 9 0046-3635
Dr. Breno Lopes,+55 04 92362 3178
Pedro Henrique Dias,+55 36 94031-0139
Srta. Caroline da Mata,+55 27 9 5628 5300
Sr. Rodrigo Jesus,+55 (43) 95484-7224
Srta. Emilly Dias,+55 (70) 94870 3320
Sr. Vitor Ribeiro,+55 28 92421 5967
Sophia Ribeiro,+55 (028) 92766-7402
Ana Sophia Aragão,+55 (80) 93277 8574
Emanuel Nascimento,+55 71 91889 7792
Vitor Gabriel Farias,+55 (18) 9 6782 9166
Laís Campos,+55 47 9 5300-9346
Natália Jesus,+55 (93) 9 4529-2568
Thiago Azevedo,+55 (009) 94182 2581
Anthony Barros,+55 36 93308-5448
Catarina Moura,+55 (65) 90153-0074
Gabriela Alves,+55 (005) 98450-1756
Luna Cavalcanti,+55 02 9 1672 3664
Maria Luiza da Costa,+55 52 9 0603 3164
Eloah Caldeira,+55 (35) 97447-2443
Ana Lívia Sales,+55 59 9 5327 8855
Levi da Rosa,+55 (005) 97063-4092
Maria Luiza Vieira,+55 (073) 96703-2791
Júlia Freitas,+55 53 95756 3031
Rebeca Gomes,+55 80 9 7630 3333
Theo da Cruz,+55 (074) 91721-6175
Enzo Rocha,+55 (034) 93867 8774
Luana Silva,+55 45 90968-2839
Thomas Fogaça,+55 15 9 6713-8717
Dr. Pedro Miguel Correia,+55 (060) 97072 3721
Vinicius Sales,+55 55 94372 6593
Mariana Pires,+55 44 9 4984 8388
Pietro Azevedo,+55 (96) 9 5266-0711
Cauã Silveira,+55 (094) 93785 8967
Sophia Jesus,+55 56 93660 6840
Thales Novaes,+55 (14) 9 8452-7334
Sr. Yago Pires,+55 (39) 9 0271-3107
Laura Fogaça,+55 (10) 97749 4530
Daniela Cardoso,+55 (025) 97895-1019
Maria Eduarda Melo,+55 (080) 93898 6266
Murilo Oliveira,+55 87 92458-4387
Srta. Alexia Viana,+55 (006) 98572-0107
Ana Vitória da Paz,+55 19 92476-4081
Lavínia Aragão,+55 (97) 9 3369-7503
Sr. Renan Cunha,+55 75 9 6213 2585
Felipe Ribeiro,+55 69 90951-3406
Luigi da Costa,+55 47 9 2723 3848
Dra. Isabella Nascimento,+55 (82) 9 4695-3773
Ana Vitória Jesus,+55 (012) 99755 7199
Marcos Vinicius Carvalho,+55 43 9 7302-4238
Melissa Novaes,+55 (59) 9 1595 4178
Vitor Hugo Silveira,+55 67 9 1845-3644
Igor da Mata,+55 42 90921-2343
Larissa Barbosa,+55 (065) 90955-2991
Sra. Luna Pereira,+55 (092) 95799-1546
Davi Lucas Martins,+55 (013) 91679 2957
Ana Julia Melo,+55 60 97468-4015
Calebe Costela,+55 (062) 90214 1548
Raul da Paz,+55 (061) 98783-2619
